{"cameraMode":{"drawMode":0,"name":"Shaded","section":"Shading Mode"},"sceneLighting":false,"audioPlay":false,"sceneViewState":{"showFog":true,"showMaterialUpdate":false,"showSkybox":true,"showFlares":true,"showImageEffects":true,"showParticleSystems":true},"in2DMode":false,"pivot":{"x":520.8546142578125,"y":177.26394653320313,"z":-673.1651611328125},"rotation":{"x":0.007485754322260618,"y":-0.061459511518478397,"z":0.0004609554016496986,"w":0.9980814456939697},"size":242.52163696289063,"orthographic":true}