{"cameraMode":{"drawMode":0,"name":"Shaded","section":"Shading Mode"},"sceneLighting":false,"audioPlay":false,"sceneViewState":{"showFog":true,"showMaterialUpdate":false,"showSkybox":false,"showFlares":true,"showImageEffects":true,"showParticleSystems":true},"in2DMode":false,"pivot":{"x":497.34423828125,"y":191.87281799316407,"z":-61.48586654663086},"rotation":{"x":0.06618626415729523,"y":-0.6295903921127319,"z":0.05396156758069992,"w":0.7722207307815552},"size":225.01800537109376,"orthographic":true}